issue_number;issue_url;title;domain;domain_source;author;created_at
283;https://github.com/svemailproject/TheySoldMyEmail/issues/283;shodan.io;www.shodan.io;body;qscqscqscqs;2025-11-14T09:02:53Z
282;https://github.com/svemailproject/TheySoldMyEmail/issues/282;securitytrails.com;www.securitytrails.com;body;qscqscqscqs;2025-11-14T08:55:15Z
281;https://github.com/svemailproject/TheySoldMyEmail/issues/281;censys.io;www.censys.io;body;qscqscqscqs;2025-11-13T15:11:55Z
280;https://github.com/svemailproject/TheySoldMyEmail/issues/280;esimplus.me;www.esimplus.me;body;qscqscqscqs;2025-11-13T14:48:20Z
279;https://github.com/svemailproject/TheySoldMyEmail/issues/279;kontrafunk.radio;www.kontrafunk.radio;body;qscqscqscqs;2025-11-13T12:43:28Z
278;https://github.com/svemailproject/TheySoldMyEmail/issues/278;serpapi.com;www.serpapi.com;body;qscqscqscqs;2025-11-13T12:36:20Z
277;https://github.com/svemailproject/TheySoldMyEmail/issues/277;wieistmeineip.de;www.wieistmeineip.de;body;qscqscqscqs;2025-11-13T12:28:49Z
276;https://github.com/svemailproject/TheySoldMyEmail/issues/276;orangewebsite.com;www.orangewebsite.com;body;qscqscqscqs;2025-11-12T23:20:07Z
275;https://github.com/svemailproject/TheySoldMyEmail/issues/275;https://mailchimp.com/;www.mailchimp.com;body;Bob-Nixkoenner;2025-11-12T20:18:35Z
274;https://github.com/svemailproject/TheySoldMyEmail/issues/274;https://igraal.com/;www.de.igraal.com;body;Bob-Nixkoenner;2025-11-12T20:13:49Z
273;https://github.com/svemailproject/TheySoldMyEmail/issues/273;https://www.deutschlandcard.de/;www.deutschlandcard.de;body;Bob-Nixkoenner;2025-11-12T20:12:51Z
272;https://github.com/svemailproject/TheySoldMyEmail/issues/272;https://geizhals.de/;www.geizhals.de;body;Bob-Nixkoenner;2025-11-12T20:12:10Z
271;https://github.com/svemailproject/TheySoldMyEmail/issues/271;https://softonic.com/;www.softonic.com;body;Bob-Nixkoenner;2025-11-12T20:10:38Z
270;https://github.com/svemailproject/TheySoldMyEmail/issues/270;https://www.pcloud.com/;www.pcloud.com;body;Bob-Nixkoenner;2025-11-12T20:09:40Z
269;https://github.com/svemailproject/TheySoldMyEmail/issues/269;https://www.dropbox.com/;www.dropbox.com;body;Bob-Nixkoenner;2025-11-12T20:07:32Z
268;https://github.com/svemailproject/TheySoldMyEmail/issues/268;https://nordvpn.com/;www.nordvpn.com;body;Bob-Nixkoenner;2025-11-12T20:06:47Z
267;https://github.com/svemailproject/TheySoldMyEmail/issues/267;https://www.hetzner.com/;www.hetzner.com;body;Bob-Nixkoenner;2025-11-12T19:57:28Z
266;https://github.com/svemailproject/TheySoldMyEmail/issues/266;Archive.org;www.archive.org;body;qscqscqscqs;2025-11-12T11:56:10Z
265;https://github.com/svemailproject/TheySoldMyEmail/issues/265;https://www.kaercher.com/;www.kaercher.com;body;Bob-Nixkoenner;2025-11-11T23:06:46Z
264;https://github.com/svemailproject/TheySoldMyEmail/issues/264;Pfcloud;www.pfcloud.io;body;qscqscqscqs;2025-11-11T19:18:37Z
263;https://github.com/svemailproject/TheySoldMyEmail/issues/263;Ipinfo.io;www.ipinfo.io;body;qscqscqscqs;2025-11-11T19:16:07Z
262;https://github.com/svemailproject/TheySoldMyEmail/issues/262;Deepseek;www.chat.deepseek.com;body;qscqscqscqs;2025-11-11T19:14:10Z
261;https://github.com/svemailproject/TheySoldMyEmail/issues/261;Abuseipdb.com;www.abuseipdb.com;body;qscqscqscqs;2025-11-11T15:29:22Z
260;https://github.com/svemailproject/TheySoldMyEmail/issues/260;Office Discount;www.office-discount.de;body;qscqscqscqs;2025-11-10T17:53:47Z
259;https://github.com/svemailproject/TheySoldMyEmail/issues/259;https://schoener-wohnen.de/;www.shop.schoener-wohnen.de;body;Bob-Nixkoenner;2025-11-10T16:22:04Z
258;https://github.com/svemailproject/TheySoldMyEmail/issues/258;https://www-de.wera.de/;www.www-de.wera.de;body;Bob-Nixkoenner;2025-11-10T16:13:50Z
257;https://github.com/svemailproject/TheySoldMyEmail/issues/257;https://www.bosch-professional.com/;www.bosch-professional.com;body;Bob-Nixkoenner;2025-11-10T15:18:02Z
256;https://github.com/svemailproject/TheySoldMyEmail/issues/256;https://www.metabo.com/;www.metabo.com;body;Bob-Nixkoenner;2025-11-10T15:16:45Z
255;https://github.com/svemailproject/TheySoldMyEmail/issues/255;https://www.knipex.de/;www.knipex.de;body;Bob-Nixkoenner;2025-11-10T15:14:29Z
254;https://github.com/svemailproject/TheySoldMyEmail/issues/254;https://wd40.de/;www.wd40.de;body;Bob-Nixkoenner;2025-11-10T15:07:43Z
253;https://github.com/svemailproject/TheySoldMyEmail/issues/253;https://www.makita.de/;www.makita.de;body;Bob-Nixkoenner;2025-11-10T15:03:33Z
252;https://github.com/svemailproject/TheySoldMyEmail/issues/252;https://www.einhell.de/;www.einhell.de;body;Bob-Nixkoenner;2025-11-10T15:00:14Z
251;https://github.com/svemailproject/TheySoldMyEmail/issues/251;prepaid-host.com;www.prepaid-host.com;body;qscqscqscqs;2025-11-10T12:43:57Z
250;https://github.com/svemailproject/TheySoldMyEmail/issues/250;Whisky.de;www.whisky.de;body;qscqscqscqs;2025-11-08T20:56:12Z
249;https://github.com/svemailproject/TheySoldMyEmail/issues/249;Weltwoche Newsletter;www.weltwoche.ch;body;qscqscqscqs;2025-11-08T20:50:05Z
248;https://github.com/svemailproject/TheySoldMyEmail/issues/248;Thermal Grizzly;www.thermal-grizzly.com;body;qscqscqscqs;2025-11-08T20:47:07Z
247;https://github.com/svemailproject/TheySoldMyEmail/issues/247;Claude AI;www.claude.ai;body;qscqscqscqs;2025-11-08T20:40:23Z
246;https://github.com/svemailproject/TheySoldMyEmail/issues/246;IPv64;www.ipv64.net;body;qscqscqscqs;2025-11-08T20:34:43Z
245;https://github.com/svemailproject/TheySoldMyEmail/issues/245;Servus TV;www.servustv.com;body;qscqscqscqs;2025-11-08T19:27:27Z
244;https://github.com/svemailproject/TheySoldMyEmail/issues/244;PRQ;www.prq.se;body;qscqscqscqs;2025-11-08T18:45:15Z
243;https://github.com/svemailproject/TheySoldMyEmail/issues/243;Adobe;www.adobe.com;body;qscqscqscqs;2025-11-08T18:39:18Z
242;https://github.com/svemailproject/TheySoldMyEmail/issues/242;Campact-Newsletter;www.campact.de;body;qscqscqscqs;2025-11-08T18:33:10Z
241;https://github.com/svemailproject/TheySoldMyEmail/issues/241;Apollo News;www.apollo-news.net;body;qscqscqscqs;2025-11-08T18:24:40Z
240;https://github.com/svemailproject/TheySoldMyEmail/issues/240;https://www.entscheiderclub.de/;www.entscheiderclub.de;body;Bob-Nixkoenner;2025-11-07T17:59:43Z
238;https://github.com/svemailproject/TheySoldMyEmail/issues/238;https://www.love2say.de/;www.love2say.de;body;Bob-Nixkoenner;2025-11-07T17:58:08Z
237;https://github.com/svemailproject/TheySoldMyEmail/issues/237;https://mobrog.com/;www.mobrog.com;body;Bob-Nixkoenner;2025-11-07T17:57:13Z
236;https://github.com/svemailproject/TheySoldMyEmail/issues/236;https://www.finanzcheck.de/;www.finanzcheck.de;body;Bob-Nixkoenner;2025-11-07T17:55:28Z
235;https://github.com/svemailproject/TheySoldMyEmail/issues/235;https://www.lotto24.de/;www.lotto24.de;body;Bob-Nixkoenner;2025-11-07T17:51:11Z
234;https://github.com/svemailproject/TheySoldMyEmail/issues/234;https://www.canva.com/;www.canva.com;body;Bob-Nixkoenner;2025-11-07T17:50:02Z
233;https://github.com/svemailproject/TheySoldMyEmail/issues/233;https://smallpdf.com/;www.smallpdf.com;body;Bob-Nixkoenner;2025-11-07T17:48:55Z
232;https://github.com/svemailproject/TheySoldMyEmail/issues/232;https://www.n-tv.de/;www.n-tv.de;body;Bob-Nixkoenner;2025-11-07T17:41:55Z
231;https://github.com/svemailproject/TheySoldMyEmail/issues/231;https://wikipedia.org/;www.de.wikipedia.org;body;Bob-Nixkoenner;2025-11-07T17:37:52Z
230;https://github.com/svemailproject/TheySoldMyEmail/issues/230;https://www.couchstyle.de/;www.couchstyle.de;body;Bob-Nixkoenner;2025-11-07T17:34:07Z
228;https://github.com/svemailproject/TheySoldMyEmail/issues/228;https://www.mystipendium.de/;www.mystipendium.de;body;Bob-Nixkoenner;2025-11-07T17:31:35Z
227;https://github.com/svemailproject/TheySoldMyEmail/issues/227;https://www.gewinnspiele-markt.de/;www.gewinnspiele-markt.de;body;Bob-Nixkoenner;2025-11-07T17:30:20Z
226;https://github.com/svemailproject/TheySoldMyEmail/issues/226;https://gewinnspiele-in-deutschland.de/;www.gewinnspiele-in-deutschland.de;body;Bob-Nixkoenner;2025-11-07T17:24:13Z
225;https://github.com/svemailproject/TheySoldMyEmail/issues/225;https://www.einfach-sparsam.de/;www.einfach-sparsam.de;body;Bob-Nixkoenner;2025-11-07T17:22:27Z
224;https://github.com/svemailproject/TheySoldMyEmail/issues/224;https://www.chefkoch.de/;www.chefkoch.de;body;Bob-Nixkoenner;2025-11-07T17:21:21Z
223;https://github.com/svemailproject/TheySoldMyEmail/issues/223;https://www.bunte.de/;www.bunte.de;body;Bob-Nixkoenner;2025-11-07T17:19:57Z
221;https://github.com/svemailproject/TheySoldMyEmail/issues/221;https://www.inside-digital.de/;www.inside-digital.de;body;Bob-Nixkoenner;2025-11-07T17:17:54Z
220;https://github.com/svemailproject/TheySoldMyEmail/issues/220;https://www.milka.com/;www.milka.com;body;Bob-Nixkoenner;2025-11-07T17:16:41Z
219;https://github.com/svemailproject/TheySoldMyEmail/issues/219;https://www.profiwin.de/;www.profiwin.de;body;Bob-Nixkoenner;2025-11-07T17:15:50Z
218;https://github.com/svemailproject/TheySoldMyEmail/issues/218;https://www.winario.de/;www.winario.de;body;Bob-Nixkoenner;2025-11-07T17:14:42Z
217;https://github.com/svemailproject/TheySoldMyEmail/issues/217;https://www.welt.de/;www.welt.de;body;Bob-Nixkoenner;2025-11-07T16:03:46Z
215;https://github.com/svemailproject/TheySoldMyEmail/issues/215;https://www.spiegel.de/;www.spiegel.de;body;Bob-Nixkoenner;2025-11-07T16:00:46Z
214;https://github.com/svemailproject/TheySoldMyEmail/issues/214;https://www.zdfheute.de/;www.zdfheute.de;body;Bob-Nixkoenner;2025-11-07T15:59:22Z
213;https://github.com/svemailproject/TheySoldMyEmail/issues/213;https://www.fr.de/;www.fr.de;body;Bob-Nixkoenner;2025-11-07T15:58:36Z
211;https://github.com/svemailproject/TheySoldMyEmail/issues/211;https://www.zeit.de/;www.zeit.de;body;Bob-Nixkoenner;2025-11-07T15:55:07Z
210;https://github.com/svemailproject/TheySoldMyEmail/issues/210;https://www.bild.de/;www.bild.de;body;Bob-Nixkoenner;2025-11-07T15:53:28Z
209;https://github.com/svemailproject/TheySoldMyEmail/issues/209;https://www.nius.de/;www.nius.de;body;Bob-Nixkoenner;2025-11-07T15:51:49Z
208;https://github.com/svemailproject/TheySoldMyEmail/issues/208;https://www.heise.de/;www.heise.de;body;Bob-Nixkoenner;2025-11-07T15:48:18Z
207;https://github.com/svemailproject/TheySoldMyEmail/issues/207;https://t3n.de/;www.t3n.de;body;Bob-Nixkoenner;2025-11-07T15:47:28Z
206;https://github.com/svemailproject/TheySoldMyEmail/issues/206;https://www.wiwo.de/;www.wiwo.de;body;Bob-Nixkoenner;2025-11-07T15:46:43Z
205;https://github.com/svemailproject/TheySoldMyEmail/issues/205;https://www.news.de/;www.news.de;body;Bob-Nixkoenner;2025-11-07T15:45:40Z
204;https://github.com/svemailproject/TheySoldMyEmail/issues/204;https://www.golem.de/;www.golem.de;body;Bob-Nixkoenner;2025-11-07T15:44:54Z
203;https://github.com/svemailproject/TheySoldMyEmail/issues/203;Wirtschaftsregion Meißen Newsletter;www.wirtschaftsregion-meissen.de;body;qscqscqscqs;2025-11-06T19:31:50Z
202;https://github.com/svemailproject/TheySoldMyEmail/issues/202;Kettner Edelmetalle;www.kettner-edelmetalle.de;body;qscqscqscqs;2025-11-05T22:50:53Z
201;https://github.com/svemailproject/TheySoldMyEmail/issues/201;https://www.backmarket.de/;www.backmarket.de;body;Bob-Nixkoenner;2025-11-05T21:24:14Z
200;https://github.com/svemailproject/TheySoldMyEmail/issues/200;Vodafone Newsletter;www.zuhauseplus.vodafone.de;body;targetingcat;2025-11-04T20:42:04Z
199;https://github.com/svemailproject/TheySoldMyEmail/issues/199;Komoot;www.komoot.com;body;targetingcat;2025-11-04T20:40:41Z
198;https://github.com/svemailproject/TheySoldMyEmail/issues/198;BW-Online-Shop;www.bw-online-shop.com;body;targetingcat;2025-11-04T20:38:56Z
197;https://github.com/svemailproject/TheySoldMyEmail/issues/197;Olight;www.de.olight.com;body;targetingcat;2025-11-04T20:38:00Z
196;https://github.com/svemailproject/TheySoldMyEmail/issues/196;Musicstore;www.musicstore.de;body;targetingcat;2025-11-04T20:36:19Z
195;https://github.com/svemailproject/TheySoldMyEmail/issues/195;Thomann;www.thomann.de;body;targetingcat;2025-11-04T20:35:25Z
194;https://github.com/svemailproject/TheySoldMyEmail/issues/194;Github;;none;targetingcat;2025-11-04T20:32:34Z
193;https://github.com/svemailproject/TheySoldMyEmail/issues/193;MPB;www.mpb.com;body;targetingcat;2025-11-04T20:31:47Z
192;https://github.com/svemailproject/TheySoldMyEmail/issues/192;Bayerdynamic;www.beyerdynamic.de;body;targetingcat;2025-11-04T20:30:45Z
191;https://github.com/svemailproject/TheySoldMyEmail/issues/191;Elgato;www.elgato.com;body;targetingcat;2025-11-04T20:27:43Z
190;https://github.com/svemailproject/TheySoldMyEmail/issues/190;Shure;www.shure.com;body;targetingcat;2025-11-04T20:26:47Z
189;https://github.com/svemailproject/TheySoldMyEmail/issues/189;Telefunken Elektroakustik;www.telefunken-elektroakustik.com;body;targetingcat;2025-11-04T20:24:43Z
188;https://github.com/svemailproject/TheySoldMyEmail/issues/188;Bitfocus;www.bitfocus.io;body;targetingcat;2025-11-04T20:22:08Z
187;https://github.com/svemailproject/TheySoldMyEmail/issues/187;Wargaming.net;www.wargaming.net;body;targetingcat;2025-11-04T20:19:03Z
186;https://github.com/svemailproject/TheySoldMyEmail/issues/186;Snapchat;www.snapchat.com;body;targetingcat;2025-11-04T20:15:03Z
185;https://github.com/svemailproject/TheySoldMyEmail/issues/185;Kik Messenger;www.kik.com;body;targetingcat;2025-11-04T20:12:24Z
184;https://github.com/svemailproject/TheySoldMyEmail/issues/184;https://www.etoro.com/;www.etoro.com;body;Bob-Nixkoenner;2025-11-04T17:37:26Z
183;https://github.com/svemailproject/TheySoldMyEmail/issues/183;https://www.flatex.de/;www.flatex.de;body;Bob-Nixkoenner;2025-11-04T17:36:42Z
182;https://github.com/svemailproject/TheySoldMyEmail/issues/182;https://scalable.capital/;www.de.scalable.capital;body;Bob-Nixkoenner;2025-11-04T17:35:52Z
181;https://github.com/svemailproject/TheySoldMyEmail/issues/181;https://traderepublic.com/;www.traderepublic.com;body;Bob-Nixkoenner;2025-11-04T17:35:25Z
180;https://github.com/svemailproject/TheySoldMyEmail/issues/180;https://www.kraken.com;www.kraken.com;body;Bob-Nixkoenner;2025-11-04T17:33:56Z
179;https://github.com/svemailproject/TheySoldMyEmail/issues/179;https://www.coinbase.com/;www.coinbase.com;body;Bob-Nixkoenner;2025-11-04T17:33:27Z
178;https://github.com/svemailproject/TheySoldMyEmail/issues/178;https://bitvavo.com/;www.bitvavo.com;body;Bob-Nixkoenner;2025-11-04T17:32:34Z
177;https://github.com/svemailproject/TheySoldMyEmail/issues/177;https://www.bitpanda.com/;www.bitpanda.com;body;Bob-Nixkoenner;2025-11-04T17:31:50Z
176;https://github.com/svemailproject/TheySoldMyEmail/issues/176;https://www.bitcoin.de/;www.bitcoin.de;body;Bob-Nixkoenner;2025-11-04T17:31:07Z
175;https://github.com/svemailproject/TheySoldMyEmail/issues/175;https://bisonapp.com/;www.bisonapp.com;body;Bob-Nixkoenner;2025-11-04T17:30:09Z
174;https://github.com/svemailproject/TheySoldMyEmail/issues/174;https://www.moebelix.at/;www.moebelix.at;body;Bob-Nixkoenner;2025-11-04T16:46:43Z
173;https://github.com/svemailproject/TheySoldMyEmail/issues/173;https://www.thalia.de/;www.thalia.de;body;Bob-Nixkoenner;2025-11-04T16:45:06Z
172;https://github.com/svemailproject/TheySoldMyEmail/issues/172;https://www.peek-cloppenburg.de/;www.peek-cloppenburg.de;body;Bob-Nixkoenner;2025-11-04T16:44:03Z
171;https://github.com/svemailproject/TheySoldMyEmail/issues/171;https://www.deichmann.com/;www.deichmann.com;body;Bob-Nixkoenner;2025-11-04T16:43:08Z
170;https://github.com/svemailproject/TheySoldMyEmail/issues/170;https://www.billa.at/;www.billa.at;body;Bob-Nixkoenner;2025-11-04T16:41:59Z
169;https://github.com/svemailproject/TheySoldMyEmail/issues/169;https://www.spar.at/;www.spar.at;body;Bob-Nixkoenner;2025-11-04T16:41:02Z
168;https://github.com/svemailproject/TheySoldMyEmail/issues/168;https://www.muenzeoesterreich.at/;www.muenzeoesterreich.at;body;Bob-Nixkoenner;2025-11-04T16:39:32Z
167;https://github.com/svemailproject/TheySoldMyEmail/issues/167;https://www.1ashop.at/;www.1ashop.at;body;Bob-Nixkoenner;2025-11-04T16:38:25Z
166;https://github.com/svemailproject/TheySoldMyEmail/issues/166;https://www.allnatura.de/;www.allnatura.de;body;Bob-Nixkoenner;2025-11-04T16:37:01Z
165;https://github.com/svemailproject/TheySoldMyEmail/issues/165;https://www.humanic.net/;www.humanic.net;body;Bob-Nixkoenner;2025-11-04T16:35:22Z
164;https://github.com/svemailproject/TheySoldMyEmail/issues/164;https://www.pagro.at/;www.pagro.at;body;Bob-Nixkoenner;2025-11-04T16:33:09Z
163;https://github.com/svemailproject/TheySoldMyEmail/issues/163;https://www.meindenns.de/;www.meindenns.de;body;Bob-Nixkoenner;2025-11-04T16:31:03Z
162;https://github.com/svemailproject/TheySoldMyEmail/issues/162;https://www.interdiscount.ch/;www.interdiscount.ch;body;Bob-Nixkoenner;2025-11-04T16:27:43Z
161;https://github.com/svemailproject/TheySoldMyEmail/issues/161;https://www.galaxus.ch/;www.galaxus.ch;body;Bob-Nixkoenner;2025-11-04T16:26:05Z
160;https://github.com/svemailproject/TheySoldMyEmail/issues/160;https://www.coop.ch/;www.coop.ch;body;Bob-Nixkoenner;2025-11-04T16:24:49Z
159;https://github.com/svemailproject/TheySoldMyEmail/issues/159;https://www.migros.ch/;www.migros.ch;body;Bob-Nixkoenner;2025-11-04T16:23:05Z
158;https://github.com/svemailproject/TheySoldMyEmail/issues/158;https://www.apfelkiste.ch/;www.apfelkiste.ch;body;Bob-Nixkoenner;2025-11-04T16:21:39Z
157;https://github.com/svemailproject/TheySoldMyEmail/issues/157;https://www.play-asia.com/;www.play-asia.com;body;Bob-Nixkoenner;2025-11-04T13:57:56Z
156;https://github.com/svemailproject/TheySoldMyEmail/issues/156;https://www.dlcompare.de/;www.dlcompare.de;body;Bob-Nixkoenner;2025-11-04T13:56:23Z
155;https://github.com/svemailproject/TheySoldMyEmail/issues/155;https://www.gamebillet.com/;www.gamebillet.com;body;Bob-Nixkoenner;2025-11-04T13:49:42Z
154;https://github.com/svemailproject/TheySoldMyEmail/issues/154;https://www.wingamestore.com/;www.wingamestore.com;body;Bob-Nixkoenner;2025-11-04T13:47:41Z
153;https://github.com/svemailproject/TheySoldMyEmail/issues/153;https://www.allkeyshop.com/;www.allkeyshop.com;body;Bob-Nixkoenner;2025-11-04T13:46:55Z
152;https://github.com/svemailproject/TheySoldMyEmail/issues/152;https://scdkey.com/;www.de.scdkey.com;body;Bob-Nixkoenner;2025-11-04T13:45:52Z
151;https://github.com/svemailproject/TheySoldMyEmail/issues/151;https://cjs-cdkeys.com/;www.cjs-cdkeys.com;body;Bob-Nixkoenner;2025-11-04T13:45:20Z
150;https://github.com/svemailproject/TheySoldMyEmail/issues/150;https://www.g2play.net/;www.g2play.net;body;Bob-Nixkoenner;2025-11-04T13:44:13Z
149;https://github.com/svemailproject/TheySoldMyEmail/issues/149;https://humblebundle.com/;www.de.humblebundle.com;body;Bob-Nixkoenner;2025-11-04T13:43:43Z
148;https://github.com/svemailproject/TheySoldMyEmail/issues/148;https://www.fanatical.com/;www.fanatical.com;body;Bob-Nixkoenner;2025-11-04T13:43:11Z
147;https://github.com/svemailproject/TheySoldMyEmail/issues/147;https://www.dlgamer.com/;www.dlgamer.com;body;Bob-Nixkoenner;2025-11-04T13:40:38Z
146;https://github.com/svemailproject/TheySoldMyEmail/issues/146;https://gamesplanet.com/;www.de.gamesplanet.com;body;Bob-Nixkoenner;2025-11-04T13:39:46Z
145;https://github.com/svemailproject/TheySoldMyEmail/issues/145;https://www.voidu.com/;www.voidu.com;body;Bob-Nixkoenner;2025-11-04T13:36:25Z
144;https://github.com/svemailproject/TheySoldMyEmail/issues/144;https://www.hrkgame.com/;www.hrkgame.com;body;Bob-Nixkoenner;2025-11-04T13:34:57Z
143;https://github.com/svemailproject/TheySoldMyEmail/issues/143;https://www.greenmangaming.com/;www.greenmangaming.com;body;Bob-Nixkoenner;2025-11-04T13:34:13Z
142;https://github.com/svemailproject/TheySoldMyEmail/issues/142;https://www.loaded.com/;www.loaded.com;body;Bob-Nixkoenner;2025-11-04T13:33:34Z
141;https://github.com/svemailproject/TheySoldMyEmail/issues/141;https://www.gamivo.com/de/;www.gamivo.com;body;Bob-Nixkoenner;2025-11-04T13:32:33Z
140;https://github.com/svemailproject/TheySoldMyEmail/issues/140;https://www.eneba.com/;www.eneba.com;body;Bob-Nixkoenner;2025-11-04T13:31:24Z
139;https://github.com/svemailproject/TheySoldMyEmail/issues/139;https://www.instant-gaming.com/;www.instant-gaming.com;body;Bob-Nixkoenner;2025-11-04T13:30:53Z
138;https://github.com/svemailproject/TheySoldMyEmail/issues/138;https://www.kinguin.net/;www.kinguin.net;body;Bob-Nixkoenner;2025-11-04T13:30:00Z
137;https://github.com/svemailproject/TheySoldMyEmail/issues/137;https://www.g2a.com/de/;www.g2a.com;body;Bob-Nixkoenner;2025-11-04T13:29:21Z
136;https://github.com/svemailproject/TheySoldMyEmail/issues/136;https://www.mmoga.de/;www.mmoga.de;body;Bob-Nixkoenner;2025-11-04T13:24:56Z
135;https://github.com/svemailproject/TheySoldMyEmail/issues/135;https://www.rockstargames.com/;www.rockstargames.com;body;Bob-Nixkoenner;2025-11-04T13:22:36Z
134;https://github.com/svemailproject/TheySoldMyEmail/issues/134;https://www.riotgames.com/de;www.riotgames.com;body;Bob-Nixkoenner;2025-11-04T13:21:54Z
133;https://github.com/svemailproject/TheySoldMyEmail/issues/133;https://www.ubisoft.com/;www.ubisoft.com;body;Bob-Nixkoenner;2025-11-04T13:21:31Z
132;https://github.com/svemailproject/TheySoldMyEmail/issues/132;https://www.epicgames.com/;www.epicgames.com;body;Bob-Nixkoenner;2025-11-04T13:20:43Z
131;https://github.com/svemailproject/TheySoldMyEmail/issues/131;https://steampowered.com/;www.store.steampowered.com;body;Bob-Nixkoenner;2025-11-04T13:20:10Z
130;https://github.com/svemailproject/TheySoldMyEmail/issues/130;https://www.flickr.com/;www.flickr.com;body;Bob-Nixkoenner;2025-11-04T13:18:20Z
129;https://github.com/svemailproject/TheySoldMyEmail/issues/129;https://www.artstation.com/;www.artstation.com;body;Bob-Nixkoenner;2025-11-04T13:17:43Z
128;https://github.com/svemailproject/TheySoldMyEmail/issues/128;https://www.deviantart.com/;www.deviantart.com;body;Bob-Nixkoenner;2025-11-04T13:17:01Z
127;https://github.com/svemailproject/TheySoldMyEmail/issues/127;https://rumble.com/;www.rumble.com;body;Bob-Nixkoenner;2025-11-04T13:15:04Z
126;https://github.com/svemailproject/TheySoldMyEmail/issues/126;https://kick.com/;www.kick.com;body;Bob-Nixkoenner;2025-11-04T13:14:23Z
125;https://github.com/svemailproject/TheySoldMyEmail/issues/125;https://www.twitch.tv/;www.twitch.tv;body;Bob-Nixkoenner;2025-11-04T13:12:28Z
124;https://github.com/svemailproject/TheySoldMyEmail/issues/124;https://mastodon.social/;www.mastodon.social;body;Bob-Nixkoenner;2025-11-04T13:11:51Z
123;https://github.com/svemailproject/TheySoldMyEmail/issues/123;https://bsky.app/;www.bsky.app;body;Bob-Nixkoenner;2025-11-04T13:10:38Z
122;https://github.com/svemailproject/TheySoldMyEmail/issues/122;https://x.com/home;www.x.com;body;Bob-Nixkoenner;2025-11-04T13:10:14Z
121;https://github.com/svemailproject/TheySoldMyEmail/issues/121;https://www.facebook.com/;www.facebook.com;body;Bob-Nixkoenner;2025-11-04T13:09:03Z
120;https://github.com/svemailproject/TheySoldMyEmail/issues/120;Blizzard;www.account.battle.net;body;targetingcat;2025-11-03T21:34:02Z
119;https://github.com/svemailproject/TheySoldMyEmail/issues/119;Bohemia Interactive;www.accounts.bistudio.com;body;targetingcat;2025-11-03T21:32:38Z
118;https://github.com/svemailproject/TheySoldMyEmail/issues/118;Microsoft User Account;www.account.microsoft.com;body;targetingsnake;2025-11-03T21:24:30Z
117;https://github.com/svemailproject/TheySoldMyEmail/issues/117;Österreiche Läden TOP 20;;none;Vickyistda2003w;2025-11-01T20:45:45Z
116;https://github.com/svemailproject/TheySoldMyEmail/issues/116;https://www.smava.de/;www.home.smava.de;body;Bob-Nixkoenner;2025-11-01T19:43:38Z
115;https://github.com/svemailproject/TheySoldMyEmail/issues/115;https://www.shoop.de/;www.shoop.de;body;Bob-Nixkoenner;2025-11-01T19:42:11Z
114;https://github.com/svemailproject/TheySoldMyEmail/issues/114;https://www.payback.de/;www.payback.de;body;Bob-Nixkoenner;2025-11-01T19:41:28Z
113;https://github.com/svemailproject/TheySoldMyEmail/issues/113;https://www.trendfrage.de//;www.trendfrage.de;body;Bob-Nixkoenner;2025-11-01T19:39:57Z
112;https://github.com/svemailproject/TheySoldMyEmail/issues/112;https://www.meinungsstudie.de/;www.meinungsstudie.de;body;Bob-Nixkoenner;2025-11-01T19:39:11Z
111;https://github.com/svemailproject/TheySoldMyEmail/issues/111;https://meinungsplatz.de/;www.meinungsplatz.de;body;Bob-Nixkoenner;2025-11-01T19:38:22Z
110;https://github.com/svemailproject/TheySoldMyEmail/issues/110;https://www.stadt-koeln.de/;www.stadt-koeln.de;body;Bob-Nixkoenner;2025-11-01T19:36:32Z
109;https://github.com/svemailproject/TheySoldMyEmail/issues/109;https://www.vzbv.de/;www.vzbv.de;body;Bob-Nixkoenner;2025-11-01T19:34:52Z
108;https://github.com/svemailproject/TheySoldMyEmail/issues/108;https://www.arbeitsagentur.de/;www.arbeitsagentur.de;body;Bob-Nixkoenner;2025-11-01T19:33:29Z
107;https://github.com/svemailproject/TheySoldMyEmail/issues/107;https://www.flixbus.com/;www.flixbus.com;body;Bob-Nixkoenner;2025-10-30T23:17:29Z
106;https://github.com/svemailproject/TheySoldMyEmail/issues/106;https://www.vinted.de/;www.vinted.de;body;Bob-Nixkoenner;2025-10-30T23:16:27Z
105;https://github.com/svemailproject/TheySoldMyEmail/issues/105;https://linkedin.com/;www.de.linkedin.com;body;Bob-Nixkoenner;2025-10-30T23:15:24Z
104;https://github.com/svemailproject/TheySoldMyEmail/issues/104;https://www.xing.com/;www.xing.com;body;Bob-Nixkoenner;2025-10-30T23:13:46Z
103;https://github.com/svemailproject/TheySoldMyEmail/issues/103;https://www.idealo.de/;www.idealo.de;body;Bob-Nixkoenner;2025-10-30T23:12:05Z
102;https://github.com/svemailproject/TheySoldMyEmail/issues/102;https://www.groupon.de/;www.groupon.de;body;Bob-Nixkoenner;2025-10-30T23:10:58Z
101;https://github.com/svemailproject/TheySoldMyEmail/issues/101;https://www.etsy.com/;www.etsy.com;body;Bob-Nixkoenner;2025-10-30T23:10:21Z
100;https://github.com/svemailproject/TheySoldMyEmail/issues/100;https://pinterest.com/;www.de.pinterest.com;body;Bob-Nixkoenner;2025-10-30T23:09:30Z
99;https://github.com/svemailproject/TheySoldMyEmail/issues/99;https://www.tiktok.com/;www.tiktok.com;body;Bob-Nixkoenner;2025-10-30T23:08:21Z
98;https://github.com/svemailproject/TheySoldMyEmail/issues/98;Übersicht - Stand 2025-11-12 21:28;www.haveibeenpwned.com;body;Bob-Nixkoenner;2025-10-30T23:04:39Z
97;https://github.com/svemailproject/TheySoldMyEmail/issues/97;https://www.amazon.de;www.amazon.de;body;Bob-Nixkoenner;2025-10-30T22:58:10Z
96;https://github.com/svemailproject/TheySoldMyEmail/issues/96;https://www.bund.de/;www.bsi.bund.de;body;Bob-Nixkoenner;2025-10-30T22:43:40Z
95;https://github.com/svemailproject/TheySoldMyEmail/issues/95;Browser;;none;Bob-Nixkoenner;2025-10-30T22:30:29Z
94;https://github.com/svemailproject/TheySoldMyEmail/issues/94;https://proton.me/;www.proton.me;body;Bob-Nixkoenner;2025-10-30T22:27:06Z
93;https://github.com/svemailproject/TheySoldMyEmail/issues/93;https://openai.com/;www.openai.com;body;Bob-Nixkoenner;2025-10-30T22:22:41Z
91;https://github.com/svemailproject/TheySoldMyEmail/issues/91;https://spacefrogs.shop/;www.spacefrogs.shop;body;Bob-Nixkoenner;2025-10-28T01:37:31Z
90;https://github.com/svemailproject/TheySoldMyEmail/issues/90;https://paluten.shop;www.paluten.shop;body;Bob-Nixkoenner;2025-10-28T01:31:24Z
89;https://github.com/svemailproject/TheySoldMyEmail/issues/89;https://www.pietsmiet.store;www.pietsmiet.store;body;Bob-Nixkoenner;2025-10-28T01:30:20Z
88;https://github.com/svemailproject/TheySoldMyEmail/issues/88;https://grnk.shop/;www.grnk.shop;body;Bob-Nixkoenner;2025-10-28T01:29:35Z
87;https://github.com/svemailproject/TheySoldMyEmail/issues/87;https://www.11880.com;www.11880.com;body;Bob-Nixkoenner;2025-10-28T01:17:59Z
86;https://github.com/svemailproject/TheySoldMyEmail/issues/86;https://www.dastelefonbuch.de/;www.dastelefonbuch.de;body;Bob-Nixkoenner;2025-10-28T01:17:01Z
85;https://github.com/svemailproject/TheySoldMyEmail/issues/85;https://www.dasoertliche.de/;www.dasoertliche.de;body;Bob-Nixkoenner;2025-10-28T01:15:57Z
84;https://github.com/svemailproject/TheySoldMyEmail/issues/84;https://www.lovescout24.de/;www.lovescout24.de;body;Bob-Nixkoenner;2025-10-28T01:13:46Z
83;https://github.com/svemailproject/TheySoldMyEmail/issues/83;https://www.parship.de/;www.parship.de;body;Bob-Nixkoenner;2025-10-28T01:12:32Z
82;https://github.com/svemailproject/TheySoldMyEmail/issues/82;https://www.sparbote.de;www.sparbote.de;body;Bob-Nixkoenner;2025-10-28T01:09:05Z
81;https://github.com/svemailproject/TheySoldMyEmail/issues/81;https://www.preisjaeger.at;www.preisjaeger.at;body;Bob-Nixkoenner;2025-10-28T01:07:27Z
80;https://github.com/svemailproject/TheySoldMyEmail/issues/80;https://www.mydealz.de;www.mydealz.de;body;Bob-Nixkoenner;2025-10-28T01:06:59Z
79;https://github.com/svemailproject/TheySoldMyEmail/issues/79;https://www.savoo.de/;www.savoo.de;body;Bob-Nixkoenner;2025-10-28T01:05:31Z
78;https://github.com/svemailproject/TheySoldMyEmail/issues/78;https://www.sparwelt.de/;www.sparwelt.de;body;Bob-Nixkoenner;2025-10-28T01:04:12Z
77;https://github.com/svemailproject/TheySoldMyEmail/issues/77;https://gohiring.com/;www.gohiring.com;body;Bob-Nixkoenner;2025-10-28T01:00:15Z
76;https://github.com/svemailproject/TheySoldMyEmail/issues/76;https://www.stellenanzeigen.de/;www.stellenanzeigen.de;body;Bob-Nixkoenner;2025-10-28T00:59:17Z
75;https://github.com/svemailproject/TheySoldMyEmail/issues/75;https://www.xn--jobbrse-d1a.de/;www.xn--jobbrse-d1a.de;body;Bob-Nixkoenner;2025-10-28T00:58:03Z
74;https://github.com/svemailproject/TheySoldMyEmail/issues/74;https://indeed.com/;www.de.indeed.com;body;Bob-Nixkoenner;2025-10-28T00:57:04Z
73;https://github.com/svemailproject/TheySoldMyEmail/issues/73;https://www.stepstone.de/;www.stepstone.de;body;Bob-Nixkoenner;2025-10-28T00:56:22Z
72;https://github.com/svemailproject/TheySoldMyEmail/issues/72;https://www.kleinanzeigen.de/;www.kleinanzeigen.de;body;Bob-Nixkoenner;2025-10-28T00:55:17Z
71;https://github.com/svemailproject/TheySoldMyEmail/issues/71;https://www.ebay.de/;www.ebay.de;body;Bob-Nixkoenner;2025-10-28T00:53:45Z
70;https://github.com/svemailproject/TheySoldMyEmail/issues/70;https://www.booking.com/;www.booking.com;body;Bob-Nixkoenner;2025-10-28T00:51:53Z
69;https://github.com/svemailproject/TheySoldMyEmail/issues/69;https://www.finanztip.de/;www.finanztip.de;body;Bob-Nixkoenner;2025-10-28T00:50:28Z
68;https://github.com/svemailproject/TheySoldMyEmail/issues/68;https://www.verivox.de/;www.verivox.de;body;Bob-Nixkoenner;2025-10-28T00:49:29Z
67;https://github.com/svemailproject/TheySoldMyEmail/issues/67;https://www.check24.de/;www.check24.de;body;Bob-Nixkoenner;2025-10-28T00:48:14Z
66;https://github.com/svemailproject/TheySoldMyEmail/issues/66;https://www.spotify.com/;www.spotify.com;body;Bob-Nixkoenner;2025-10-28T00:36:13Z
65;https://github.com/svemailproject/TheySoldMyEmail/issues/65;https://www.android-hilfe.de/;www.android-hilfe.de;body;Bob-Nixkoenner;2025-10-28T00:33:47Z
64;https://github.com/svemailproject/TheySoldMyEmail/issues/64;https://www.computerbase.de/;www.computerbase.de;body;Bob-Nixkoenner;2025-10-28T00:29:44Z
63;https://github.com/svemailproject/TheySoldMyEmail/issues/63;https://www.ioff.de/;www.ioff.de;body;Bob-Nixkoenner;2025-10-28T00:29:06Z
62;https://github.com/svemailproject/TheySoldMyEmail/issues/62;https://www.motor-talk.de/;www.motor-talk.de;body;Bob-Nixkoenner;2025-10-28T00:28:07Z
61;https://github.com/svemailproject/TheySoldMyEmail/issues/61;https://www.alternate.de/;www.alternate.de;body;Bob-Nixkoenner;2025-10-28T00:23:47Z
60;https://github.com/svemailproject/TheySoldMyEmail/issues/60;https://www.kostenlos.de/;www.kostenlos.de;body;Bob-Nixkoenner;2025-10-28T00:22:14Z
59;https://github.com/svemailproject/TheySoldMyEmail/issues/59;https://www.voelkner.de/;www.voelkner.de;body;Bob-Nixkoenner;2025-10-28T00:20:51Z
58;https://github.com/svemailproject/TheySoldMyEmail/issues/58;https://www.bauhaus.info/;www.bauhaus.info;body;Bob-Nixkoenner;2025-10-28T00:18:46Z
57;https://github.com/svemailproject/TheySoldMyEmail/issues/57;https://www.reichelt.de/;www.reichelt.de;body;Bob-Nixkoenner;2025-10-28T00:18:01Z
56;https://github.com/svemailproject/TheySoldMyEmail/issues/56;https://www.emp.de/;www.emp.de;body;Bob-Nixkoenner;2025-10-28T00:17:13Z
55;https://github.com/svemailproject/TheySoldMyEmail/issues/55;https://www.rebuy.de/;www.rebuy.de;body;Bob-Nixkoenner;2025-10-28T00:15:57Z
54;https://github.com/svemailproject/TheySoldMyEmail/issues/54;https://www.euronics.de/;www.euronics.de;body;Bob-Nixkoenner;2025-10-28T00:14:32Z
52;https://github.com/svemailproject/TheySoldMyEmail/issues/52;https://www.notebooksbilliger.de/;www.notebooksbilliger.de;body;Bob-Nixkoenner;2025-10-28T00:10:30Z
51;https://github.com/svemailproject/TheySoldMyEmail/issues/51;https://www.cyberport.de/;www.cyberport.de;body;Bob-Nixkoenner;2025-10-28T00:09:54Z
50;https://github.com/svemailproject/TheySoldMyEmail/issues/50;https://www.bonprix.de/;www.bonprix.de;body;Bob-Nixkoenner;2025-10-28T00:09:12Z
48;https://github.com/svemailproject/TheySoldMyEmail/issues/48;https://www.docmorris.de/;www.docmorris.de;body;Bob-Nixkoenner;2025-10-28T00:06:55Z
47;https://github.com/svemailproject/TheySoldMyEmail/issues/47;https://www.bestsecret.com/;www.bestsecret.com;body;Bob-Nixkoenner;2025-10-28T00:06:20Z
46;https://github.com/svemailproject/TheySoldMyEmail/issues/46;https://www.breuninger.com/;www.breuninger.com;body;Bob-Nixkoenner;2025-10-28T00:04:20Z
44;https://github.com/svemailproject/TheySoldMyEmail/issues/44;https://www.shop-apotheke.com/;www.shop-apotheke.com;body;Bob-Nixkoenner;2025-10-28T00:02:23Z
42;https://github.com/svemailproject/TheySoldMyEmail/issues/42;https://toom.de/;www.toom.de;body;Bob-Nixkoenner;2025-10-27T23:59:44Z
41;https://github.com/svemailproject/TheySoldMyEmail/issues/41;https://www.obi.de/;www.obi.de;body;Bob-Nixkoenner;2025-10-27T23:58:50Z
40;https://github.com/svemailproject/TheySoldMyEmail/issues/40;https://www.tom-tailor.de/;www.tom-tailor.de;body;Bob-Nixkoenner;2025-10-27T23:55:41Z
39;https://github.com/svemailproject/TheySoldMyEmail/issues/39;https://www.qvc.de/;www.qvc.de;body;Bob-Nixkoenner;2025-10-27T23:54:29Z
38;https://github.com/svemailproject/TheySoldMyEmail/issues/38;https://www.action.com/;www.action.com;body;Bob-Nixkoenner;2025-10-27T23:53:47Z
37;https://github.com/svemailproject/TheySoldMyEmail/issues/37;https://www.medion.com/;www.medion.com;body;Bob-Nixkoenner;2025-10-27T23:53:06Z
36;https://github.com/svemailproject/TheySoldMyEmail/issues/36;https://www.takko.com/;www.takko.com;body;Bob-Nixkoenner;2025-10-27T23:52:26Z
35;https://github.com/svemailproject/TheySoldMyEmail/issues/35;https://www.alnatura.de/;www.alnatura.de;body;Bob-Nixkoenner;2025-10-27T23:50:03Z
34;https://github.com/svemailproject/TheySoldMyEmail/issues/34;https://www.aboutyou.de/;www.aboutyou.de;body;Bob-Nixkoenner;2025-10-27T23:48:47Z
33;https://github.com/svemailproject/TheySoldMyEmail/issues/33;https://www.fielmann.de/;www.fielmann.de;body;Bob-Nixkoenner;2025-10-27T23:48:06Z
32;https://github.com/svemailproject/TheySoldMyEmail/issues/32;https://www.c-and-a.com/;www.c-and-a.com;body;Bob-Nixkoenner;2025-10-27T23:46:49Z
31;https://github.com/svemailproject/TheySoldMyEmail/issues/31;https://www.hema.com/;www.hema.com;body;Bob-Nixkoenner;2025-10-27T23:46:16Z
30;https://github.com/svemailproject/TheySoldMyEmail/issues/30;https://www.douglas.de/;www.douglas.de;body;Bob-Nixkoenner;2025-10-27T23:44:31Z
29;https://github.com/svemailproject/TheySoldMyEmail/issues/29;https://www.tchibo.de/;www.tchibo.de;body;Bob-Nixkoenner;2025-10-27T23:43:41Z
28;https://github.com/svemailproject/TheySoldMyEmail/issues/28;https://www.metro.de/;www.metro.de;body;Bob-Nixkoenner;2025-10-27T23:42:48Z
27;https://github.com/svemailproject/TheySoldMyEmail/issues/27;https://www.ikea.com/;www.ikea.com;body;Bob-Nixkoenner;2025-10-27T23:41:18Z
26;https://github.com/svemailproject/TheySoldMyEmail/issues/26;https://www.mueller.de/;www.mueller.de;body;Bob-Nixkoenner;2025-10-27T23:39:50Z
25;https://github.com/svemailproject/TheySoldMyEmail/issues/25;https://www.rossmann.de/;www.rossmann.de;body;Bob-Nixkoenner;2025-10-27T23:38:14Z
24;https://github.com/svemailproject/TheySoldMyEmail/issues/24;https://www.globus-baumarkt.de/;www.globus-baumarkt.de;body;Bob-Nixkoenner;2025-10-27T23:37:30Z
22;https://github.com/svemailproject/TheySoldMyEmail/issues/22;https://www.dm.de/;www.dm.de;body;Bob-Nixkoenner;2025-10-27T23:34:56Z
20;https://github.com/svemailproject/TheySoldMyEmail/issues/20;https://www.edeka.de/;www.edeka.de;body;Bob-Nixkoenner;2025-10-27T23:32:43Z
19;https://github.com/svemailproject/TheySoldMyEmail/issues/19;https://www2.hm.com/;www.www2.hm.com;body;Bob-Nixkoenner;2025-10-27T21:47:41Z
18;https://github.com/svemailproject/TheySoldMyEmail/issues/18;https://www.lieferando.de/;www.lieferando.de;body;Bob-Nixkoenner;2025-10-27T21:45:38Z
17;https://github.com/svemailproject/TheySoldMyEmail/issues/17;https://www.change.org/;www.change.org;body;Bob-Nixkoenner;2025-10-27T21:38:33Z
16;https://github.com/svemailproject/TheySoldMyEmail/issues/16;https://dbrand.com/;www.dbrand.com;body;Bob-Nixkoenner;2025-10-27T21:37:14Z
15;https://github.com/svemailproject/TheySoldMyEmail/issues/15;https://ifttt.com/;www.ifttt.com;body;Bob-Nixkoenner;2025-10-27T21:36:03Z
14;https://github.com/svemailproject/TheySoldMyEmail/issues/14;https://www.rewe.de/;www.rewe.de;body;Bob-Nixkoenner;2025-10-27T21:32:18Z
13;https://github.com/svemailproject/TheySoldMyEmail/issues/13;https://www.kaufland.de/;www.kaufland.de;body;Bob-Nixkoenner;2025-10-27T21:31:57Z
12;https://github.com/svemailproject/TheySoldMyEmail/issues/12;https://www.lidl.de/;www.lidl.de;body;Bob-Nixkoenner;2025-10-27T21:31:22Z
11;https://github.com/svemailproject/TheySoldMyEmail/issues/11;https://netto.de/;www.netto.de;body;Bob-Nixkoenner;2025-10-27T21:30:56Z
9;https://github.com/svemailproject/TheySoldMyEmail/issues/9;https://haveibeenpwned.com/;www.haveibeenpwned.com;body;Bob-Nixkoenner;2025-10-27T21:15:50Z
8;https://github.com/svemailproject/TheySoldMyEmail/issues/8;Süddeutsche Zeitung;;none;svemailproject;2025-10-25T20:58:49Z
7;https://github.com/svemailproject/TheySoldMyEmail/issues/7;FAZ;;none;svemailproject;2025-10-25T20:57:12Z
6;https://github.com/svemailproject/TheySoldMyEmail/issues/6;Reddit;;none;svemailproject;2025-10-25T20:54:23Z
5;https://github.com/svemailproject/TheySoldMyEmail/issues/5;Hornbach;;none;svemailproject;2025-10-25T20:52:53Z
4;https://github.com/svemailproject/TheySoldMyEmail/issues/4;Adidas;;none;svemailproject;2025-10-25T20:50:11Z
3;https://github.com/svemailproject/TheySoldMyEmail/issues/3;Aldi Süd;;none;svemailproject;2025-10-25T20:48:20Z
